client_count,executionTime,all_return_vals_the_same,return_val,expected_value==return_val
2,0.19556474685668945,False,"[614, 713, 1510, 1179, 1314]",True
3,0.2711172103881836,False,"[1207, 2064, 1332, 1899, 1289]",True
5,0.757288932800293,False,"[2555, 2275, 2504, 2554, 2499]",True
10,3.172132968902588,False,"[6708, 3850, 6169, 4910, 4907]",True
15,7.290927171707153,False,"[10131, 6333, 7793, 8363, 5937]",True
20,13.137233972549438,False,"[11291, 9999, 8756, 8791, 11152]",True
25,20.602813959121704,False,"[13896, 12103, 16631, 12135, 14318]",True
30,29.79851007461548,False,"[14630, 16462, 17587, 15412, 15601]",True
