num_clients,first_connection_time,all_keys_time,all_perturbations_time,aggregation_time
2,1684034594.401815,1684034594.404547,1684034594.415773,1684034594.492196
3,1684034594.54001,1684034594.553566,1684034594.558901,1684034594.762702
5,1684034594.845185,1684034594.847919,1684034594.867293,1684034595.5188491
10,1684034595.580935,1684034595.666398,1684034595.764389,1684034598.687237
15,1684034598.8201878,1684034598.895054,1684034599.1337228,1684034605.973742
20,1684034606.056834,1684034606.24467,1684034606.6900039,1684034619.107556
25,1684034619.1892421,1684034619.463624,1684034620.163475,1684034639.706262
30,1684034639.774129,1684034640.1272871,1684034641.133214,1684034669.503065
